Área de Proceso,Meta Específica,Número de Práctica,Name,Related to Metas Específicas (1) (Prácticas Específicas),Related to Áreas de Proceso (1) (Prácticas Específicas),Tags,Book URL
A%CC%81reas%20de%20Proceso%2073cb7340a7e3493ba7b8c80a2ac773ba/Ana%CC%81lisis%20Causal%20y%20Resolucio%CC%81n%2059de40358f97422ab98406c5a9fffa87.csv,Metas%20Especi%CC%81ficas%2001a59630d53145479e64a6d0e43d64e0/Determinar%20las%20causas%20de%20los%20resultados%20selecciona%207192001e208a401b97942b2c94f0b72c.csv,1.1,Seleccionar los resultados a analizar,,,,
A%CC%81reas%20de%20Proceso%2073cb7340a7e3493ba7b8c80a2ac773ba/Ana%CC%81lisis%20Causal%20y%20Resolucio%CC%81n%2059de40358f97422ab98406c5a9fffa87.csv,Metas%20Especi%CC%81ficas%2001a59630d53145479e64a6d0e43d64e0/Determinar%20las%20causas%20de%20los%20resultados%20selecciona%207192001e208a401b97942b2c94f0b72c.csv,1.2,Analizar las causas,,,,
A%CC%81reas%20de%20Proceso%2073cb7340a7e3493ba7b8c80a2ac773ba/Ana%CC%81lisis%20Causal%20y%20Resolucio%CC%81n%2059de40358f97422ab98406c5a9fffa87.csv,Metas%20Especi%CC%81ficas%2001a59630d53145479e64a6d0e43d64e0/Tratar%20las%20causas%20de%20los%20resultados%20seleccionados%20738b186f8e3d4aa782d83adced1ee3cb.csv,2.1,Implementar las propuestas de acción,,,,
A%CC%81reas%20de%20Proceso%2073cb7340a7e3493ba7b8c80a2ac773ba/Ana%CC%81lisis%20Causal%20y%20Resolucio%CC%81n%2059de40358f97422ab98406c5a9fffa87.csv,Metas%20Especi%CC%81ficas%2001a59630d53145479e64a6d0e43d64e0/Tratar%20las%20causas%20de%20los%20resultados%20seleccionados%20738b186f8e3d4aa782d83adced1ee3cb.csv,2.2,Evaluar el efecto de las acciones implementadas,,,,
A%CC%81reas%20de%20Proceso%2073cb7340a7e3493ba7b8c80a2ac773ba/Ana%CC%81lisis%20Causal%20y%20Resolucio%CC%81n%2059de40358f97422ab98406c5a9fffa87.csv,Metas%20Especi%CC%81ficas%2001a59630d53145479e64a6d0e43d64e0/Tratar%20las%20causas%20de%20los%20resultados%20seleccionados%20738b186f8e3d4aa782d83adced1ee3cb.csv,2.3,Registrar datos del análisis causal,,,,
A%CC%81reas%20de%20Proceso%2073cb7340a7e3493ba7b8c80a2ac773ba/Ana%CC%81lisis%20de%20Decisiones%20y%20Resolucio%CC%81n%20adaa2a5f225b48b2b2f2c1560728e582.csv,Metas%20Especi%CC%81ficas%2001a59630d53145479e64a6d0e43d64e0/Evaluar%20las%20alternativas%202d5103a39d904086a0e0cf27c4951109.csv,1.1,Establecer las guías para el análisis de decisiones,,,,
A%CC%81reas%20de%20Proceso%2073cb7340a7e3493ba7b8c80a2ac773ba/Ana%CC%81lisis%20de%20Decisiones%20y%20Resolucio%CC%81n%20adaa2a5f225b48b2b2f2c1560728e582.csv,Metas%20Especi%CC%81ficas%2001a59630d53145479e64a6d0e43d64e0/Evaluar%20las%20alternativas%202d5103a39d904086a0e0cf27c4951109.csv,1.2,Establecer los criterios de evaluación,,,,
A%CC%81reas%20de%20Proceso%2073cb7340a7e3493ba7b8c80a2ac773ba/Ana%CC%81lisis%20de%20Decisiones%20y%20Resolucio%CC%81n%20adaa2a5f225b48b2b2f2c1560728e582.csv,Metas%20Especi%CC%81ficas%2001a59630d53145479e64a6d0e43d64e0/Evaluar%20las%20alternativas%202d5103a39d904086a0e0cf27c4951109.csv,1.3,Identificar las soluciones alternativas,,,,
A%CC%81reas%20de%20Proceso%2073cb7340a7e3493ba7b8c80a2ac773ba/Ana%CC%81lisis%20de%20Decisiones%20y%20Resolucio%CC%81n%20adaa2a5f225b48b2b2f2c1560728e582.csv,Metas%20Especi%CC%81ficas%2001a59630d53145479e64a6d0e43d64e0/Evaluar%20las%20alternativas%202d5103a39d904086a0e0cf27c4951109.csv,1.4,Seleccionar los métodos de evaluación,,,,
A%CC%81reas%20de%20Proceso%2073cb7340a7e3493ba7b8c80a2ac773ba/Ana%CC%81lisis%20de%20Decisiones%20y%20Resolucio%CC%81n%20adaa2a5f225b48b2b2f2c1560728e582.csv,Metas%20Especi%CC%81ficas%2001a59630d53145479e64a6d0e43d64e0/Evaluar%20las%20alternativas%202d5103a39d904086a0e0cf27c4951109.csv,1.5,Evaluar las soluciones alternativas,,,,
A%CC%81reas%20de%20Proceso%2073cb7340a7e3493ba7b8c80a2ac773ba/Ana%CC%81lisis%20de%20Decisiones%20y%20Resolucio%CC%81n%20adaa2a5f225b48b2b2f2c1560728e582.csv,Metas%20Especi%CC%81ficas%2001a59630d53145479e64a6d0e43d64e0/Evaluar%20las%20alternativas%202d5103a39d904086a0e0cf27c4951109.csv,1.6,Seleccionar las soluciones,,,,
A%CC%81reas%20de%20Proceso%2073cb7340a7e3493ba7b8c80a2ac773ba/Aseguramiento%20de%20la%20Calidad%20del%20Proceso%20y%20del%20Prod%20b70a2ad4a479438889e2e7857d54fce2.csv,Metas%20Especi%CC%81ficas%2001a59630d53145479e64a6d0e43d64e0/Evaluar%20objetivamente%20los%20procesos%20y%20los%20productos%20eec582d9772a46299be1ac105584a17c.csv,1.1,Evaluar objetivamente los procesos,,,,
A%CC%81reas%20de%20Proceso%2073cb7340a7e3493ba7b8c80a2ac773ba/Aseguramiento%20de%20la%20Calidad%20del%20Proceso%20y%20del%20Prod%20b70a2ad4a479438889e2e7857d54fce2.csv,Metas%20Especi%CC%81ficas%2001a59630d53145479e64a6d0e43d64e0/Evaluar%20objetivamente%20los%20procesos%20y%20los%20productos%20eec582d9772a46299be1ac105584a17c.csv,1.2,Evaluar objetivamente los productos de trabajo,,,,
A%CC%81reas%20de%20Proceso%2073cb7340a7e3493ba7b8c80a2ac773ba/Aseguramiento%20de%20la%20Calidad%20del%20Proceso%20y%20del%20Prod%20b70a2ad4a479438889e2e7857d54fce2.csv,Metas%20Especi%CC%81ficas%2001a59630d53145479e64a6d0e43d64e0/Proporcionar%20una%20visio%CC%81n%20objetiva%209d48cbd6fc73462ca834202444506473.csv,2.1,Comunicar y resolver las no conformidades,,,,
A%CC%81reas%20de%20Proceso%2073cb7340a7e3493ba7b8c80a2ac773ba/Aseguramiento%20de%20la%20Calidad%20del%20Proceso%20y%20del%20Prod%20b70a2ad4a479438889e2e7857d54fce2.csv,Metas%20Especi%CC%81ficas%2001a59630d53145479e64a6d0e43d64e0/Proporcionar%20una%20visio%CC%81n%20objetiva%209d48cbd6fc73462ca834202444506473.csv,2.2,Establecer los registros,,,,
A%CC%81reas%20de%20Proceso%2073cb7340a7e3493ba7b8c80a2ac773ba/Definicio%CC%81n%20de%20Procesos%20de%20la%20Organizacio%CC%81n%2028dda79c8db24412a531517bc4be0604.csv,Metas%20Especi%CC%81ficas%2001a59630d53145479e64a6d0e43d64e0/Establecer%20los%20activos%20de%20proceso%20de%20la%20organizaci%20a0faddf18c504bfa9b383ad019c6b80e.csv,1.1,Establecer los procesos estándar,,,,
A%CC%81reas%20de%20Proceso%2073cb7340a7e3493ba7b8c80a2ac773ba/Definicio%CC%81n%20de%20Procesos%20de%20la%20Organizacio%CC%81n%2028dda79c8db24412a531517bc4be0604.csv,Metas%20Especi%CC%81ficas%2001a59630d53145479e64a6d0e43d64e0/Establecer%20los%20activos%20de%20proceso%20de%20la%20organizaci%20a0faddf18c504bfa9b383ad019c6b80e.csv,1.2,Establecer las descripciones de los modelos de ciclo de vida,,,,
A%CC%81reas%20de%20Proceso%2073cb7340a7e3493ba7b8c80a2ac773ba/Definicio%CC%81n%20de%20Procesos%20de%20la%20Organizacio%CC%81n%2028dda79c8db24412a531517bc4be0604.csv,Metas%20Especi%CC%81ficas%2001a59630d53145479e64a6d0e43d64e0/Establecer%20los%20activos%20de%20proceso%20de%20la%20organizaci%20a0faddf18c504bfa9b383ad019c6b80e.csv,1.3,Establecer los criterios y las guías de adaptación,,,,
A%CC%81reas%20de%20Proceso%2073cb7340a7e3493ba7b8c80a2ac773ba/Definicio%CC%81n%20de%20Procesos%20de%20la%20Organizacio%CC%81n%2028dda79c8db24412a531517bc4be0604.csv,Metas%20Especi%CC%81ficas%2001a59630d53145479e64a6d0e43d64e0/Establecer%20los%20activos%20de%20proceso%20de%20la%20organizaci%20a0faddf18c504bfa9b383ad019c6b80e.csv,1.4,Establecer el repositorio de mediciones de la organización,,,,
A%CC%81reas%20de%20Proceso%2073cb7340a7e3493ba7b8c80a2ac773ba/Definicio%CC%81n%20de%20Procesos%20de%20la%20Organizacio%CC%81n%2028dda79c8db24412a531517bc4be0604.csv,Metas%20Especi%CC%81ficas%2001a59630d53145479e64a6d0e43d64e0/Establecer%20los%20activos%20de%20proceso%20de%20la%20organizaci%20a0faddf18c504bfa9b383ad019c6b80e.csv,1.5,Establecer la biblioteca de activos de proceso de la organización,,,,
A%CC%81reas%20de%20Proceso%2073cb7340a7e3493ba7b8c80a2ac773ba/Definicio%CC%81n%20de%20Procesos%20de%20la%20Organizacio%CC%81n%2028dda79c8db24412a531517bc4be0604.csv,Metas%20Especi%CC%81ficas%2001a59630d53145479e64a6d0e43d64e0/Establecer%20los%20activos%20de%20proceso%20de%20la%20organizaci%20a0faddf18c504bfa9b383ad019c6b80e.csv,1.6,Establecer los estándares del entorno de trabajo,,,,
A%CC%81reas%20de%20Proceso%2073cb7340a7e3493ba7b8c80a2ac773ba/Definicio%CC%81n%20de%20Procesos%20de%20la%20Organizacio%CC%81n%2028dda79c8db24412a531517bc4be0604.csv,Metas%20Especi%CC%81ficas%2001a59630d53145479e64a6d0e43d64e0/Establecer%20los%20activos%20de%20proceso%20de%20la%20organizaci%20a0faddf18c504bfa9b383ad019c6b80e.csv,1.7,Establecer las reglas y guías para los equipos,,,,
A%CC%81reas%20de%20Proceso%2073cb7340a7e3493ba7b8c80a2ac773ba/Desarrollo%20de%20Requisitos%2020b29831aa74464482be4d49fddde7fd.csv,Metas%20Especi%CC%81ficas%2001a59630d53145479e64a6d0e43d64e0/Desarrollar%20los%20requisitos%20del%20cliente%20e268d34606e84924a2b70e82b46a3710.csv,1.1,Educir las necesidades,,,,
A%CC%81reas%20de%20Proceso%2073cb7340a7e3493ba7b8c80a2ac773ba/Desarrollo%20de%20Requisitos%2020b29831aa74464482be4d49fddde7fd.csv,Metas%20Especi%CC%81ficas%2001a59630d53145479e64a6d0e43d64e0/Desarrollar%20los%20requisitos%20del%20cliente%20e268d34606e84924a2b70e82b46a3710.csv,1.2,Transformar las necesidades de las partes interesadas en requisitos de cliente,,,,
A%CC%81reas%20de%20Proceso%2073cb7340a7e3493ba7b8c80a2ac773ba/Desarrollo%20de%20Requisitos%2020b29831aa74464482be4d49fddde7fd.csv,Metas%20Especi%CC%81ficas%2001a59630d53145479e64a6d0e43d64e0/Desarrollar%20los%20requisitos%20del%20producto%20bc0bf41dc7434d92bf28445389041a9a.csv,2.1,Establecer los requisitos de producto y de componente de producto,,,,
A%CC%81reas%20de%20Proceso%2073cb7340a7e3493ba7b8c80a2ac773ba/Desarrollo%20de%20Requisitos%2020b29831aa74464482be4d49fddde7fd.csv,Metas%20Especi%CC%81ficas%2001a59630d53145479e64a6d0e43d64e0/Desarrollar%20los%20requisitos%20del%20producto%20bc0bf41dc7434d92bf28445389041a9a.csv,2.2,Asignar los requisitos de componente de producto,,,,
A%CC%81reas%20de%20Proceso%2073cb7340a7e3493ba7b8c80a2ac773ba/Desarrollo%20de%20Requisitos%2020b29831aa74464482be4d49fddde7fd.csv,Metas%20Especi%CC%81ficas%2001a59630d53145479e64a6d0e43d64e0/Desarrollar%20los%20requisitos%20del%20producto%20bc0bf41dc7434d92bf28445389041a9a.csv,2.3,Identificar los requisitos de interfaz,,,,
A%CC%81reas%20de%20Proceso%2073cb7340a7e3493ba7b8c80a2ac773ba/Desarrollo%20de%20Requisitos%2020b29831aa74464482be4d49fddde7fd.csv,Metas%20Especi%CC%81ficas%2001a59630d53145479e64a6d0e43d64e0/Analizar%20y%20validar%20los%20requisitos%20f0b009a81cda4e3198b8044b42710fa5.csv,3.1,Establecer los conceptos y los escenarios de operación,,,,
A%CC%81reas%20de%20Proceso%2073cb7340a7e3493ba7b8c80a2ac773ba/Desarrollo%20de%20Requisitos%2020b29831aa74464482be4d49fddde7fd.csv,Metas%20Especi%CC%81ficas%2001a59630d53145479e64a6d0e43d64e0/Analizar%20y%20validar%20los%20requisitos%20f0b009a81cda4e3198b8044b42710fa5.csv,3.2,Establecer una definición de la funcionalidad y de los atributos de calidad requeridos,,,,
A%CC%81reas%20de%20Proceso%2073cb7340a7e3493ba7b8c80a2ac773ba/Desarrollo%20de%20Requisitos%2020b29831aa74464482be4d49fddde7fd.csv,Metas%20Especi%CC%81ficas%2001a59630d53145479e64a6d0e43d64e0/Analizar%20y%20validar%20los%20requisitos%20f0b009a81cda4e3198b8044b42710fa5.csv,3.3,Analizar los requisitos,,,,
A%CC%81reas%20de%20Proceso%2073cb7340a7e3493ba7b8c80a2ac773ba/Desarrollo%20de%20Requisitos%2020b29831aa74464482be4d49fddde7fd.csv,Metas%20Especi%CC%81ficas%2001a59630d53145479e64a6d0e43d64e0/Analizar%20y%20validar%20los%20requisitos%20f0b009a81cda4e3198b8044b42710fa5.csv,3.4,Analizar los requisitos para conseguir un equilibrio,,,,
A%CC%81reas%20de%20Proceso%2073cb7340a7e3493ba7b8c80a2ac773ba/Desarrollo%20de%20Requisitos%2020b29831aa74464482be4d49fddde7fd.csv,Metas%20Especi%CC%81ficas%2001a59630d53145479e64a6d0e43d64e0/Analizar%20y%20validar%20los%20requisitos%20f0b009a81cda4e3198b8044b42710fa5.csv,3.5,Validar los requisitos,,,,
A%CC%81reas%20de%20Proceso%2073cb7340a7e3493ba7b8c80a2ac773ba/Enfoque%20en%20Procesos%20de%20la%20Orgnanizacio%CC%81n%204b83a0e6d3664c01845496697fa04969.csv,Metas%20Especi%CC%81ficas%2001a59630d53145479e64a6d0e43d64e0/Determinar%20las%20oportunidades%20de%20mejora%20de%20procesos%20d6e034cd79d64535ad191780226fed72.csv,1.1,Establecer las necesidades de proceso de la organización,,,,
A%CC%81reas%20de%20Proceso%2073cb7340a7e3493ba7b8c80a2ac773ba/Enfoque%20en%20Procesos%20de%20la%20Orgnanizacio%CC%81n%204b83a0e6d3664c01845496697fa04969.csv,Metas%20Especi%CC%81ficas%2001a59630d53145479e64a6d0e43d64e0/Determinar%20las%20oportunidades%20de%20mejora%20de%20procesos%20d6e034cd79d64535ad191780226fed72.csv,1.2,Evaluar los procesos de la organización,,,,
A%CC%81reas%20de%20Proceso%2073cb7340a7e3493ba7b8c80a2ac773ba/Enfoque%20en%20Procesos%20de%20la%20Orgnanizacio%CC%81n%204b83a0e6d3664c01845496697fa04969.csv,Metas%20Especi%CC%81ficas%2001a59630d53145479e64a6d0e43d64e0/Determinar%20las%20oportunidades%20de%20mejora%20de%20procesos%20d6e034cd79d64535ad191780226fed72.csv,1.3,Identificar las mejoras de procesos de la organización,,,,
A%CC%81reas%20de%20Proceso%2073cb7340a7e3493ba7b8c80a2ac773ba/Enfoque%20en%20Procesos%20de%20la%20Orgnanizacio%CC%81n%204b83a0e6d3664c01845496697fa04969.csv,Metas%20Especi%CC%81ficas%2001a59630d53145479e64a6d0e43d64e0/Planificar%20e%20implementar%20las%20acciones%20de%20proceso%202ef4dce7d5cb4a9abf727d33a067a9d1.csv,2.1,Establecer los planes de acción de proceso,,,,
A%CC%81reas%20de%20Proceso%2073cb7340a7e3493ba7b8c80a2ac773ba/Enfoque%20en%20Procesos%20de%20la%20Orgnanizacio%CC%81n%204b83a0e6d3664c01845496697fa04969.csv,Metas%20Especi%CC%81ficas%2001a59630d53145479e64a6d0e43d64e0/Planificar%20e%20implementar%20las%20acciones%20de%20proceso%202ef4dce7d5cb4a9abf727d33a067a9d1.csv,2.2,Implementar los planes de acción de proceso,,,,
A%CC%81reas%20de%20Proceso%2073cb7340a7e3493ba7b8c80a2ac773ba/Enfoque%20en%20Procesos%20de%20la%20Orgnanizacio%CC%81n%204b83a0e6d3664c01845496697fa04969.csv,Metas%20Especi%CC%81ficas%2001a59630d53145479e64a6d0e43d64e0/Desplegar%20los%20activos%20de%20proceso%20de%20la%20organizacio%2008dc5ad56368443fbcbc713241e18f0c.csv,3.1,Desplegar los activos de proceso de la organización,,,,
A%CC%81reas%20de%20Proceso%2073cb7340a7e3493ba7b8c80a2ac773ba/Enfoque%20en%20Procesos%20de%20la%20Orgnanizacio%CC%81n%204b83a0e6d3664c01845496697fa04969.csv,Metas%20Especi%CC%81ficas%2001a59630d53145479e64a6d0e43d64e0/Desplegar%20los%20activos%20de%20proceso%20de%20la%20organizacio%2008dc5ad56368443fbcbc713241e18f0c.csv,3.2,Desplegar los procesos estándar,,,,
A%CC%81reas%20de%20Proceso%2073cb7340a7e3493ba7b8c80a2ac773ba/Enfoque%20en%20Procesos%20de%20la%20Orgnanizacio%CC%81n%204b83a0e6d3664c01845496697fa04969.csv,Metas%20Especi%CC%81ficas%2001a59630d53145479e64a6d0e43d64e0/Desplegar%20los%20activos%20de%20proceso%20de%20la%20organizacio%2008dc5ad56368443fbcbc713241e18f0c.csv,3.3,Monitorizar la implementación,,,,
A%CC%81reas%20de%20Proceso%2073cb7340a7e3493ba7b8c80a2ac773ba/Enfoque%20en%20Procesos%20de%20la%20Orgnanizacio%CC%81n%204b83a0e6d3664c01845496697fa04969.csv,Metas%20Especi%CC%81ficas%2001a59630d53145479e64a6d0e43d64e0/Desplegar%20los%20activos%20de%20proceso%20de%20la%20organizacio%2008dc5ad56368443fbcbc713241e18f0c.csv,3.4,Incorporar las experiencias en los activos de proceso de la organización,,,,
A%CC%81reas%20de%20Proceso%2073cb7340a7e3493ba7b8c80a2ac773ba/Formacio%CC%81n%20en%20la%20Organizacio%CC%81n%209f260d1ca04a47d6aa0348a86757c682.csv,Metas%20Especi%CC%81ficas%2001a59630d53145479e64a6d0e43d64e0/Establecer%20una%20capacidad%20de%20formacio%CC%81n%20de%20la%20organ%20cc6e5e256dcf4f27aa3a7eb09ae898f7.csv,1.1,Establecer las necesidades estratégicas de formación,,,,
A%CC%81reas%20de%20Proceso%2073cb7340a7e3493ba7b8c80a2ac773ba/Formacio%CC%81n%20en%20la%20Organizacio%CC%81n%209f260d1ca04a47d6aa0348a86757c682.csv,Metas%20Especi%CC%81ficas%2001a59630d53145479e64a6d0e43d64e0/Establecer%20una%20capacidad%20de%20formacio%CC%81n%20de%20la%20organ%20cc6e5e256dcf4f27aa3a7eb09ae898f7.csv,1.2,Determinar que necesidades de formación son responsabilidad de la organización,,,,
A%CC%81reas%20de%20Proceso%2073cb7340a7e3493ba7b8c80a2ac773ba/Formacio%CC%81n%20en%20la%20Organizacio%CC%81n%209f260d1ca04a47d6aa0348a86757c682.csv,Metas%20Especi%CC%81ficas%2001a59630d53145479e64a6d0e43d64e0/Establecer%20una%20capacidad%20de%20formacio%CC%81n%20de%20la%20organ%20cc6e5e256dcf4f27aa3a7eb09ae898f7.csv,1.3,Establecer un plan táctico de formación en la organización,,,,
A%CC%81reas%20de%20Proceso%2073cb7340a7e3493ba7b8c80a2ac773ba/Formacio%CC%81n%20en%20la%20Organizacio%CC%81n%209f260d1ca04a47d6aa0348a86757c682.csv,Metas%20Especi%CC%81ficas%2001a59630d53145479e64a6d0e43d64e0/Establecer%20una%20capacidad%20de%20formacio%CC%81n%20de%20la%20organ%20cc6e5e256dcf4f27aa3a7eb09ae898f7.csv,1.4,Establecer una capacidad de formación,,,,
A%CC%81reas%20de%20Proceso%2073cb7340a7e3493ba7b8c80a2ac773ba/Formacio%CC%81n%20en%20la%20Organizacio%CC%81n%209f260d1ca04a47d6aa0348a86757c682.csv,Metas%20Especi%CC%81ficas%2001a59630d53145479e64a6d0e43d64e0/Proporcionar%20formacio%CC%81n%20b157e4f845874958bfa5eb67413d1ef4.csv,2.1,Impartir la formación,,,,
A%CC%81reas%20de%20Proceso%2073cb7340a7e3493ba7b8c80a2ac773ba/Formacio%CC%81n%20en%20la%20Organizacio%CC%81n%209f260d1ca04a47d6aa0348a86757c682.csv,Metas%20Especi%CC%81ficas%2001a59630d53145479e64a6d0e43d64e0/Proporcionar%20formacio%CC%81n%20b157e4f845874958bfa5eb67413d1ef4.csv,2.2,Establecer los registros de formación,,,,
A%CC%81reas%20de%20Proceso%2073cb7340a7e3493ba7b8c80a2ac773ba/Formacio%CC%81n%20en%20la%20Organizacio%CC%81n%209f260d1ca04a47d6aa0348a86757c682.csv,Metas%20Especi%CC%81ficas%2001a59630d53145479e64a6d0e43d64e0/Proporcionar%20formacio%CC%81n%20b157e4f845874958bfa5eb67413d1ef4.csv,2.3,Evaluar la eficacia de la formación,,,,
A%CC%81reas%20de%20Proceso%2073cb7340a7e3493ba7b8c80a2ac773ba/Gestio%CC%81n%20Cuantitativa%20del%20Proyecto%20dba236ec00424cc0bb52728fcbc441a7.csv,Metas%20Especi%CC%81ficas%2001a59630d53145479e64a6d0e43d64e0/Preparar%20la%20gestio%CC%81n%20cuantitativa%20dcc5d73ba08e4b509b74171709683822.csv,1.1,Establecer los objetivos del proyecto,,,,
A%CC%81reas%20de%20Proceso%2073cb7340a7e3493ba7b8c80a2ac773ba/Gestio%CC%81n%20Cuantitativa%20del%20Proyecto%20dba236ec00424cc0bb52728fcbc441a7.csv,Metas%20Especi%CC%81ficas%2001a59630d53145479e64a6d0e43d64e0/Preparar%20la%20gestio%CC%81n%20cuantitativa%20dcc5d73ba08e4b509b74171709683822.csv,1.2,Componer el proceso definido,,,,
A%CC%81reas%20de%20Proceso%2073cb7340a7e3493ba7b8c80a2ac773ba/Gestio%CC%81n%20Cuantitativa%20del%20Proyecto%20dba236ec00424cc0bb52728fcbc441a7.csv,Metas%20Especi%CC%81ficas%2001a59630d53145479e64a6d0e43d64e0/Preparar%20la%20gestio%CC%81n%20cuantitativa%20dcc5d73ba08e4b509b74171709683822.csv,1.3,Seleccionar los subprocesos y los atributos,,,,
A%CC%81reas%20de%20Proceso%2073cb7340a7e3493ba7b8c80a2ac773ba/Gestio%CC%81n%20Cuantitativa%20del%20Proyecto%20dba236ec00424cc0bb52728fcbc441a7.csv,Metas%20Especi%CC%81ficas%2001a59630d53145479e64a6d0e43d64e0/Preparar%20la%20gestio%CC%81n%20cuantitativa%20dcc5d73ba08e4b509b74171709683822.csv,1.4,Seleccionar las medidas y las técnicas analíticas,,,,
A%CC%81reas%20de%20Proceso%2073cb7340a7e3493ba7b8c80a2ac773ba/Gestio%CC%81n%20Cuantitativa%20del%20Proyecto%20dba236ec00424cc0bb52728fcbc441a7.csv,Metas%20Especi%CC%81ficas%2001a59630d53145479e64a6d0e43d64e0/Gestionar%20el%20proyecto%20cuantitativamente%2012c34278cbe24c4cacc9e9ea43b42d2a.csv,2.1,Monitorizar el rendimiento de los subprocesos seleccionados,,,,
A%CC%81reas%20de%20Proceso%2073cb7340a7e3493ba7b8c80a2ac773ba/Gestio%CC%81n%20Cuantitativa%20del%20Proyecto%20dba236ec00424cc0bb52728fcbc441a7.csv,Metas%20Especi%CC%81ficas%2001a59630d53145479e64a6d0e43d64e0/Gestionar%20el%20proyecto%20cuantitativamente%2012c34278cbe24c4cacc9e9ea43b42d2a.csv,2.2,Gestionar el rendimiento del proyecto,,,,
A%CC%81reas%20de%20Proceso%2073cb7340a7e3493ba7b8c80a2ac773ba/Gestio%CC%81n%20Cuantitativa%20del%20Proyecto%20dba236ec00424cc0bb52728fcbc441a7.csv,Metas%20Especi%CC%81ficas%2001a59630d53145479e64a6d0e43d64e0/Gestionar%20el%20proyecto%20cuantitativamente%2012c34278cbe24c4cacc9e9ea43b42d2a.csv,2.3,Realizar el análisis de las causas raíz,,,,
A%CC%81reas%20de%20Proceso%2073cb7340a7e3493ba7b8c80a2ac773ba/Gestio%CC%81n%20Integrada%20del%20Proyecto%20e1c9f609064a4a979d7af88ba350a848.csv,Metas%20Especi%CC%81ficas%2001a59630d53145479e64a6d0e43d64e0/Utilizar%20el%20proceso%20definido%20del%20proyecto%20e4965b7558264baea56a8507594bea82.csv,1.1,Establecer el proceso definido del proyecto,,,,
A%CC%81reas%20de%20Proceso%2073cb7340a7e3493ba7b8c80a2ac773ba/Gestio%CC%81n%20Integrada%20del%20Proyecto%20e1c9f609064a4a979d7af88ba350a848.csv,Metas%20Especi%CC%81ficas%2001a59630d53145479e64a6d0e43d64e0/Utilizar%20el%20proceso%20definido%20del%20proyecto%20e4965b7558264baea56a8507594bea82.csv,1.2,Utilizar los activos de proceso de la organización para planificar las actividades del proyecto,,,,
A%CC%81reas%20de%20Proceso%2073cb7340a7e3493ba7b8c80a2ac773ba/Gestio%CC%81n%20Integrada%20del%20Proyecto%20e1c9f609064a4a979d7af88ba350a848.csv,Metas%20Especi%CC%81ficas%2001a59630d53145479e64a6d0e43d64e0/Utilizar%20el%20proceso%20definido%20del%20proyecto%20e4965b7558264baea56a8507594bea82.csv,1.3,Establecer el entorno de trabajo del proyecto,,,,
A%CC%81reas%20de%20Proceso%2073cb7340a7e3493ba7b8c80a2ac773ba/Gestio%CC%81n%20Integrada%20del%20Proyecto%20e1c9f609064a4a979d7af88ba350a848.csv,Metas%20Especi%CC%81ficas%2001a59630d53145479e64a6d0e43d64e0/Utilizar%20el%20proceso%20definido%20del%20proyecto%20e4965b7558264baea56a8507594bea82.csv,1.4,Itegrar los planes,,,,
A%CC%81reas%20de%20Proceso%2073cb7340a7e3493ba7b8c80a2ac773ba/Gestio%CC%81n%20Integrada%20del%20Proyecto%20e1c9f609064a4a979d7af88ba350a848.csv,Metas%20Especi%CC%81ficas%2001a59630d53145479e64a6d0e43d64e0/Utilizar%20el%20proceso%20definido%20del%20proyecto%20e4965b7558264baea56a8507594bea82.csv,1.5,Gestionar el proyecto utilizando planes integrados,,,,
A%CC%81reas%20de%20Proceso%2073cb7340a7e3493ba7b8c80a2ac773ba/Gestio%CC%81n%20Integrada%20del%20Proyecto%20e1c9f609064a4a979d7af88ba350a848.csv,Metas%20Especi%CC%81ficas%2001a59630d53145479e64a6d0e43d64e0/Utilizar%20el%20proceso%20definido%20del%20proyecto%20e4965b7558264baea56a8507594bea82.csv,1.6,Establecer los equipos,,,,
A%CC%81reas%20de%20Proceso%2073cb7340a7e3493ba7b8c80a2ac773ba/Gestio%CC%81n%20Integrada%20del%20Proyecto%20e1c9f609064a4a979d7af88ba350a848.csv,Metas%20Especi%CC%81ficas%2001a59630d53145479e64a6d0e43d64e0/Utilizar%20el%20proceso%20definido%20del%20proyecto%20e4965b7558264baea56a8507594bea82.csv,1.7,Contribuir a los activos de proceso de la organización,,,,
A%CC%81reas%20de%20Proceso%2073cb7340a7e3493ba7b8c80a2ac773ba/Gestio%CC%81n%20Integrada%20del%20Proyecto%20e1c9f609064a4a979d7af88ba350a848.csv,Metas%20Especi%CC%81ficas%2001a59630d53145479e64a6d0e43d64e0/Coordinar%20y%20colaborar%20con%20las%20partes%20interesadas%20r%203b5db03a64e84473828b36c9be7cb5a6.csv,2.1,Gestionar la involucración de las partes interesadas,,,,
A%CC%81reas%20de%20Proceso%2073cb7340a7e3493ba7b8c80a2ac773ba/Gestio%CC%81n%20Integrada%20del%20Proyecto%20e1c9f609064a4a979d7af88ba350a848.csv,Metas%20Especi%CC%81ficas%2001a59630d53145479e64a6d0e43d64e0/Coordinar%20y%20colaborar%20con%20las%20partes%20interesadas%20r%203b5db03a64e84473828b36c9be7cb5a6.csv,2.2,Gestionar las dependencias,,,,
A%CC%81reas%20de%20Proceso%2073cb7340a7e3493ba7b8c80a2ac773ba/Gestio%CC%81n%20Integrada%20del%20Proyecto%20e1c9f609064a4a979d7af88ba350a848.csv,Metas%20Especi%CC%81ficas%2001a59630d53145479e64a6d0e43d64e0/Coordinar%20y%20colaborar%20con%20las%20partes%20interesadas%20r%203b5db03a64e84473828b36c9be7cb5a6.csv,2.3,Resolver las cuestiones de coordinación,,,,
A%CC%81reas%20de%20Proceso%2073cb7340a7e3493ba7b8c80a2ac773ba/Gestio%CC%81n%20de%20Acuerdos%20con%20Proveedores%2004468e4302d54e828933fd7148021c6d.csv,Metas%20Especi%CC%81ficas%2001a59630d53145479e64a6d0e43d64e0/Establecer%20acuerdos%20con%20proveedores%20be3ff60a391b44ddb7f41a3467e14a07.csv,1.1,Determinar el tipo de adquisición,,,,
A%CC%81reas%20de%20Proceso%2073cb7340a7e3493ba7b8c80a2ac773ba/Gestio%CC%81n%20de%20Acuerdos%20con%20Proveedores%2004468e4302d54e828933fd7148021c6d.csv,Metas%20Especi%CC%81ficas%2001a59630d53145479e64a6d0e43d64e0/Establecer%20acuerdos%20con%20proveedores%20be3ff60a391b44ddb7f41a3467e14a07.csv,1.2,Seleccionar a los proveedores,,,,
A%CC%81reas%20de%20Proceso%2073cb7340a7e3493ba7b8c80a2ac773ba/Gestio%CC%81n%20de%20Acuerdos%20con%20Proveedores%2004468e4302d54e828933fd7148021c6d.csv,Metas%20Especi%CC%81ficas%2001a59630d53145479e64a6d0e43d64e0/Establecer%20acuerdos%20con%20proveedores%20be3ff60a391b44ddb7f41a3467e14a07.csv,1.3,Establecer acuerdos con proveedores,,,,
A%CC%81reas%20de%20Proceso%2073cb7340a7e3493ba7b8c80a2ac773ba/Gestio%CC%81n%20de%20Acuerdos%20con%20Proveedores%2004468e4302d54e828933fd7148021c6d.csv,Metas%20Especi%CC%81ficas%2001a59630d53145479e64a6d0e43d64e0/Satisfacer%20los%20acuerdos%20con%20proveedores%20898fc0b135c9403a89db6c3b5c1ac6e7.csv,2.1,Ejecutar el acuerdo con el proveedor,,,,
A%CC%81reas%20de%20Proceso%2073cb7340a7e3493ba7b8c80a2ac773ba/Gestio%CC%81n%20de%20Acuerdos%20con%20Proveedores%2004468e4302d54e828933fd7148021c6d.csv,Metas%20Especi%CC%81ficas%2001a59630d53145479e64a6d0e43d64e0/Satisfacer%20los%20acuerdos%20con%20proveedores%20898fc0b135c9403a89db6c3b5c1ac6e7.csv,2.2,Aceptar el producto adquirido,,,,
A%CC%81reas%20de%20Proceso%2073cb7340a7e3493ba7b8c80a2ac773ba/Gestio%CC%81n%20de%20Acuerdos%20con%20Proveedores%2004468e4302d54e828933fd7148021c6d.csv,Metas%20Especi%CC%81ficas%2001a59630d53145479e64a6d0e43d64e0/Satisfacer%20los%20acuerdos%20con%20proveedores%20898fc0b135c9403a89db6c3b5c1ac6e7.csv,2.3,Asegurar la transición de los productos,,,,
A%CC%81reas%20de%20Proceso%2073cb7340a7e3493ba7b8c80a2ac773ba/Gestio%CC%81n%20de%20Configuracio%CC%81n%20499615b0e10f48b28021c1595603e9fd.csv,Metas%20Especi%CC%81ficas%2001a59630d53145479e64a6d0e43d64e0/Establecer%20las%20li%CC%81neas%20base%20c382b0af42cd4e1499bc83af273afb7b.csv,1.1,Identificar los elementos de configuración,,,,
A%CC%81reas%20de%20Proceso%2073cb7340a7e3493ba7b8c80a2ac773ba/Gestio%CC%81n%20de%20Configuracio%CC%81n%20499615b0e10f48b28021c1595603e9fd.csv,Metas%20Especi%CC%81ficas%2001a59630d53145479e64a6d0e43d64e0/Establecer%20las%20li%CC%81neas%20base%20c382b0af42cd4e1499bc83af273afb7b.csv,1.2,Establecer un sistema de gestión de configuración,,,,
A%CC%81reas%20de%20Proceso%2073cb7340a7e3493ba7b8c80a2ac773ba/Gestio%CC%81n%20de%20Configuracio%CC%81n%20499615b0e10f48b28021c1595603e9fd.csv,Metas%20Especi%CC%81ficas%2001a59630d53145479e64a6d0e43d64e0/Establecer%20las%20li%CC%81neas%20base%20c382b0af42cd4e1499bc83af273afb7b.csv,1.3,Crear o liberar las líneas base,,,,
A%CC%81reas%20de%20Proceso%2073cb7340a7e3493ba7b8c80a2ac773ba/Gestio%CC%81n%20de%20Configuracio%CC%81n%20499615b0e10f48b28021c1595603e9fd.csv,Metas%20Especi%CC%81ficas%2001a59630d53145479e64a6d0e43d64e0/Seguir%20y%20controlar%20los%20cambios%20a537c807da014a66b10e1e24da179c39.csv,2.1,Seguir las peticiones de cambio,,,,
A%CC%81reas%20de%20Proceso%2073cb7340a7e3493ba7b8c80a2ac773ba/Gestio%CC%81n%20de%20Configuracio%CC%81n%20499615b0e10f48b28021c1595603e9fd.csv,Metas%20Especi%CC%81ficas%2001a59630d53145479e64a6d0e43d64e0/Seguir%20y%20controlar%20los%20cambios%20a537c807da014a66b10e1e24da179c39.csv,2.2,Controlar los elementos de configuración,,,,
A%CC%81reas%20de%20Proceso%2073cb7340a7e3493ba7b8c80a2ac773ba/Gestio%CC%81n%20de%20Configuracio%CC%81n%20499615b0e10f48b28021c1595603e9fd.csv,Metas%20Especi%CC%81ficas%2001a59630d53145479e64a6d0e43d64e0/Establecer%20la%20integridad%209618db253cc141fabc5d00e4bc3e4e8e.csv,3.1,Establecer los registros de gestión de configuración,,,,
A%CC%81reas%20de%20Proceso%2073cb7340a7e3493ba7b8c80a2ac773ba/Gestio%CC%81n%20de%20Configuracio%CC%81n%20499615b0e10f48b28021c1595603e9fd.csv,Metas%20Especi%CC%81ficas%2001a59630d53145479e64a6d0e43d64e0/Establecer%20la%20integridad%209618db253cc141fabc5d00e4bc3e4e8e.csv,3.2,Realizar auditorías de configuración,,,,
A%CC%81reas%20de%20Proceso%2073cb7340a7e3493ba7b8c80a2ac773ba/Gestio%CC%81n%20de%20Requisitos%20aff5fe5e86724d46adc1bdff35e278e5.csv,Metas%20Especi%CC%81ficas%2001a59630d53145479e64a6d0e43d64e0/Gestionar%20los%20requisitos%20db5192c17a5946df987dc5ffed8d5d56.csv,1.1,Comprender los requisitos,,,complete,https://resources.sei.cmu.edu/asset_files/whitepaper/2010_019_001_28782.pdf#page=432
A%CC%81reas%20de%20Proceso%2073cb7340a7e3493ba7b8c80a2ac773ba/Gestio%CC%81n%20de%20Requisitos%20aff5fe5e86724d46adc1bdff35e278e5.csv,Metas%20Especi%CC%81ficas%2001a59630d53145479e64a6d0e43d64e0/Gestionar%20los%20requisitos%20db5192c17a5946df987dc5ffed8d5d56.csv,1.2,Obtener el compromiso sobre los requisitos,,,complete,https://resources.sei.cmu.edu/asset_files/whitepaper/2010_019_001_28782.pdf#page=433
A%CC%81reas%20de%20Proceso%2073cb7340a7e3493ba7b8c80a2ac773ba/Gestio%CC%81n%20de%20Requisitos%20aff5fe5e86724d46adc1bdff35e278e5.csv,Metas%20Especi%CC%81ficas%2001a59630d53145479e64a6d0e43d64e0/Gestionar%20los%20requisitos%20db5192c17a5946df987dc5ffed8d5d56.csv,1.3,Gestionar el cambio a los requisitos,,,complete,https://resources.sei.cmu.edu/asset_files/whitepaper/2010_019_001_28782.pdf#page=433
A%CC%81reas%20de%20Proceso%2073cb7340a7e3493ba7b8c80a2ac773ba/Gestio%CC%81n%20de%20Requisitos%20aff5fe5e86724d46adc1bdff35e278e5.csv,Metas%20Especi%CC%81ficas%2001a59630d53145479e64a6d0e43d64e0/Gestionar%20los%20requisitos%20db5192c17a5946df987dc5ffed8d5d56.csv,1.4,Mantener la trazabilidad bidireccional de los requisitos,,,complete,https://resources.sei.cmu.edu/asset_files/whitepaper/2010_019_001_28782.pdf#page=434
A%CC%81reas%20de%20Proceso%2073cb7340a7e3493ba7b8c80a2ac773ba/Gestio%CC%81n%20de%20Requisitos%20aff5fe5e86724d46adc1bdff35e278e5.csv,Metas%20Especi%CC%81ficas%2001a59630d53145479e64a6d0e43d64e0/Gestionar%20los%20requisitos%20db5192c17a5946df987dc5ffed8d5d56.csv,1.5,Asegurar el alineamiento entre el trabajo del proyecto y los requisitos,,,complete,https://resources.sei.cmu.edu/asset_files/whitepaper/2010_019_001_28782.pdf#page=435
A%CC%81reas%20de%20Proceso%2073cb7340a7e3493ba7b8c80a2ac773ba/Gestio%CC%81n%20de%20Riesgos%200e43fc88193f4ed3ae6d0be1c77b9e53.csv,Metas%20Especi%CC%81ficas%2001a59630d53145479e64a6d0e43d64e0/Preparar%20la%20gestio%CC%81n%20de%20riesgos%20e7aced8c746541b5817f0f272cc72762.csv,1.1,Determinar las fuentes y las categorías de riesgos,,,,
A%CC%81reas%20de%20Proceso%2073cb7340a7e3493ba7b8c80a2ac773ba/Gestio%CC%81n%20de%20Riesgos%200e43fc88193f4ed3ae6d0be1c77b9e53.csv,Metas%20Especi%CC%81ficas%2001a59630d53145479e64a6d0e43d64e0/Preparar%20la%20gestio%CC%81n%20de%20riesgos%20e7aced8c746541b5817f0f272cc72762.csv,1.2,Definir los parámetros de riesgos,,,,
A%CC%81reas%20de%20Proceso%2073cb7340a7e3493ba7b8c80a2ac773ba/Gestio%CC%81n%20de%20Riesgos%200e43fc88193f4ed3ae6d0be1c77b9e53.csv,Metas%20Especi%CC%81ficas%2001a59630d53145479e64a6d0e43d64e0/Preparar%20la%20gestio%CC%81n%20de%20riesgos%20e7aced8c746541b5817f0f272cc72762.csv,1.3,Establecer una estrategia de gestión de riesgos,,,,
A%CC%81reas%20de%20Proceso%2073cb7340a7e3493ba7b8c80a2ac773ba/Gestio%CC%81n%20de%20Riesgos%200e43fc88193f4ed3ae6d0be1c77b9e53.csv,Metas%20Especi%CC%81ficas%2001a59630d53145479e64a6d0e43d64e0/Identificar%20y%20analizar%20los%20riesgos%20eb5254f8e570445f8ed13018a5aa6e94.csv,2.1,Identificar los riesgos,,,,
A%CC%81reas%20de%20Proceso%2073cb7340a7e3493ba7b8c80a2ac773ba/Gestio%CC%81n%20de%20Riesgos%200e43fc88193f4ed3ae6d0be1c77b9e53.csv,Metas%20Especi%CC%81ficas%2001a59630d53145479e64a6d0e43d64e0/Identificar%20y%20analizar%20los%20riesgos%20eb5254f8e570445f8ed13018a5aa6e94.csv,2.2,"Evaluar, clasificar y priorizar los riesgos",,,,
A%CC%81reas%20de%20Proceso%2073cb7340a7e3493ba7b8c80a2ac773ba/Gestio%CC%81n%20de%20Riesgos%200e43fc88193f4ed3ae6d0be1c77b9e53.csv,Metas%20Especi%CC%81ficas%2001a59630d53145479e64a6d0e43d64e0/Mitigar%20los%20riesgos%208491ca706bea46f3a48c5e5886e918d9.csv,3.1,Desarrollar los planes de mitigación de riesgos,,,,
A%CC%81reas%20de%20Proceso%2073cb7340a7e3493ba7b8c80a2ac773ba/Gestio%CC%81n%20de%20Riesgos%200e43fc88193f4ed3ae6d0be1c77b9e53.csv,Metas%20Especi%CC%81ficas%2001a59630d53145479e64a6d0e43d64e0/Mitigar%20los%20riesgos%208491ca706bea46f3a48c5e5886e918d9.csv,3.2,Implementar los planes de mitigación de riesgos,,,,
A%CC%81reas%20de%20Proceso%2073cb7340a7e3493ba7b8c80a2ac773ba/Gestio%CC%81n%20del%20Rendimiento%20de%20la%20Organizacio%CC%81n%201165d66f9cb147e193a68fe224299ffd.csv,Metas%20Especi%CC%81ficas%2001a59630d53145479e64a6d0e43d64e0/Gestionar%20el%20rendimiento%20del%20negocio%20d4f97aeb384b48f9841ec129c0d4e959.csv,1.1,Mantener los objetivos de negocio,,,,
A%CC%81reas%20de%20Proceso%2073cb7340a7e3493ba7b8c80a2ac773ba/Gestio%CC%81n%20del%20Rendimiento%20de%20la%20Organizacio%CC%81n%201165d66f9cb147e193a68fe224299ffd.csv,Metas%20Especi%CC%81ficas%2001a59630d53145479e64a6d0e43d64e0/Gestionar%20el%20rendimiento%20del%20negocio%20d4f97aeb384b48f9841ec129c0d4e959.csv,1.2,Analizar los datos de rendimiento de proceso,,,,
A%CC%81reas%20de%20Proceso%2073cb7340a7e3493ba7b8c80a2ac773ba/Gestio%CC%81n%20del%20Rendimiento%20de%20la%20Organizacio%CC%81n%201165d66f9cb147e193a68fe224299ffd.csv,Metas%20Especi%CC%81ficas%2001a59630d53145479e64a6d0e43d64e0/Gestionar%20el%20rendimiento%20del%20negocio%20d4f97aeb384b48f9841ec129c0d4e959.csv,1.3,Identificar las áreas potenciales para la mejora,,,,
A%CC%81reas%20de%20Proceso%2073cb7340a7e3493ba7b8c80a2ac773ba/Gestio%CC%81n%20del%20Rendimiento%20de%20la%20Organizacio%CC%81n%201165d66f9cb147e193a68fe224299ffd.csv,Metas%20Especi%CC%81ficas%2001a59630d53145479e64a6d0e43d64e0/Seleccionar%20las%20mejoras%2027ad7015a0544e938177d2d49a6dac0f.csv,2.1,Educir las sugerencias de mejora,,,,
A%CC%81reas%20de%20Proceso%2073cb7340a7e3493ba7b8c80a2ac773ba/Gestio%CC%81n%20del%20Rendimiento%20de%20la%20Organizacio%CC%81n%201165d66f9cb147e193a68fe224299ffd.csv,Metas%20Especi%CC%81ficas%2001a59630d53145479e64a6d0e43d64e0/Seleccionar%20las%20mejoras%2027ad7015a0544e938177d2d49a6dac0f.csv,2.2,Analizar las sugerencias de mejora,,,,
A%CC%81reas%20de%20Proceso%2073cb7340a7e3493ba7b8c80a2ac773ba/Gestio%CC%81n%20del%20Rendimiento%20de%20la%20Organizacio%CC%81n%201165d66f9cb147e193a68fe224299ffd.csv,Metas%20Especi%CC%81ficas%2001a59630d53145479e64a6d0e43d64e0/Seleccionar%20las%20mejoras%2027ad7015a0544e938177d2d49a6dac0f.csv,2.3,Validar las mejoras,,,,
A%CC%81reas%20de%20Proceso%2073cb7340a7e3493ba7b8c80a2ac773ba/Gestio%CC%81n%20del%20Rendimiento%20de%20la%20Organizacio%CC%81n%201165d66f9cb147e193a68fe224299ffd.csv,Metas%20Especi%CC%81ficas%2001a59630d53145479e64a6d0e43d64e0/Seleccionar%20las%20mejoras%2027ad7015a0544e938177d2d49a6dac0f.csv,2.4,Seleccionar e implementar las mejoras para el despliegue,,,,
A%CC%81reas%20de%20Proceso%2073cb7340a7e3493ba7b8c80a2ac773ba/Gestio%CC%81n%20del%20Rendimiento%20de%20la%20Organizacio%CC%81n%201165d66f9cb147e193a68fe224299ffd.csv,Metas%20Especi%CC%81ficas%2001a59630d53145479e64a6d0e43d64e0/Desplegar%20las%20mejoras%207697b80e7df14974ba553c82751b3ae8.csv,3.1,Panificar el despliegue,,,,
A%CC%81reas%20de%20Proceso%2073cb7340a7e3493ba7b8c80a2ac773ba/Gestio%CC%81n%20del%20Rendimiento%20de%20la%20Organizacio%CC%81n%201165d66f9cb147e193a68fe224299ffd.csv,Metas%20Especi%CC%81ficas%2001a59630d53145479e64a6d0e43d64e0/Desplegar%20las%20mejoras%207697b80e7df14974ba553c82751b3ae8.csv,3.2,Gestionar el despliegue,,,,
A%CC%81reas%20de%20Proceso%2073cb7340a7e3493ba7b8c80a2ac773ba/Gestio%CC%81n%20del%20Rendimiento%20de%20la%20Organizacio%CC%81n%201165d66f9cb147e193a68fe224299ffd.csv,Metas%20Especi%CC%81ficas%2001a59630d53145479e64a6d0e43d64e0/Desplegar%20las%20mejoras%207697b80e7df14974ba553c82751b3ae8.csv,3.3,Evaluar los efectos de la mejora,,,,
A%CC%81reas%20de%20Proceso%2073cb7340a7e3493ba7b8c80a2ac773ba/Integracio%CC%81n%20del%20Producto%2086cd953694034d4eae9de8f0aafa84d1.csv,Metas%20Especi%CC%81ficas%2001a59630d53145479e64a6d0e43d64e0/Prepararse%20para%20la%20integracio%CC%81n%20del%20producto%20a5fc1a7d82bc4e99929f3aa951d73459.csv,1.1,Establecer una estrategia de integración,,,,
A%CC%81reas%20de%20Proceso%2073cb7340a7e3493ba7b8c80a2ac773ba/Integracio%CC%81n%20del%20Producto%2086cd953694034d4eae9de8f0aafa84d1.csv,Metas%20Especi%CC%81ficas%2001a59630d53145479e64a6d0e43d64e0/Prepararse%20para%20la%20integracio%CC%81n%20del%20producto%20a5fc1a7d82bc4e99929f3aa951d73459.csv,1.2,Establecer el entorno de integración del producto,,,,
A%CC%81reas%20de%20Proceso%2073cb7340a7e3493ba7b8c80a2ac773ba/Integracio%CC%81n%20del%20Producto%2086cd953694034d4eae9de8f0aafa84d1.csv,Metas%20Especi%CC%81ficas%2001a59630d53145479e64a6d0e43d64e0/Prepararse%20para%20la%20integracio%CC%81n%20del%20producto%20a5fc1a7d82bc4e99929f3aa951d73459.csv,1.3,Establecer los procedimientos y criterios de integración del producto,,,,
A%CC%81reas%20de%20Proceso%2073cb7340a7e3493ba7b8c80a2ac773ba/Integracio%CC%81n%20del%20Producto%2086cd953694034d4eae9de8f0aafa84d1.csv,Metas%20Especi%CC%81ficas%2001a59630d53145479e64a6d0e43d64e0/Asegurar%20la%20compatibilidad%20de%20las%20interfaces%2052bc2af60e804d43aac9a8c88a84cc45.csv,2.1,Revisar la completitud de las descripciones de las interfaces,,,,
A%CC%81reas%20de%20Proceso%2073cb7340a7e3493ba7b8c80a2ac773ba/Integracio%CC%81n%20del%20Producto%2086cd953694034d4eae9de8f0aafa84d1.csv,Metas%20Especi%CC%81ficas%2001a59630d53145479e64a6d0e43d64e0/Asegurar%20la%20compatibilidad%20de%20las%20interfaces%2052bc2af60e804d43aac9a8c88a84cc45.csv,2.2,Gestionar las interfaces,,,,
A%CC%81reas%20de%20Proceso%2073cb7340a7e3493ba7b8c80a2ac773ba/Integracio%CC%81n%20del%20Producto%2086cd953694034d4eae9de8f0aafa84d1.csv,Metas%20Especi%CC%81ficas%2001a59630d53145479e64a6d0e43d64e0/Ensamblar%20los%20componentes%20del%20producto%20y%20entregar%20%201cd37cd6eeee4cb6a81cda68bd377b0a.csv,3.1,Confirmar la disponibilidad de los componentes de producto para la integración,,,,
A%CC%81reas%20de%20Proceso%2073cb7340a7e3493ba7b8c80a2ac773ba/Integracio%CC%81n%20del%20Producto%2086cd953694034d4eae9de8f0aafa84d1.csv,Metas%20Especi%CC%81ficas%2001a59630d53145479e64a6d0e43d64e0/Ensamblar%20los%20componentes%20del%20producto%20y%20entregar%20%201cd37cd6eeee4cb6a81cda68bd377b0a.csv,3.2,Ensamblar los componentes de producto,,,,
A%CC%81reas%20de%20Proceso%2073cb7340a7e3493ba7b8c80a2ac773ba/Integracio%CC%81n%20del%20Producto%2086cd953694034d4eae9de8f0aafa84d1.csv,Metas%20Especi%CC%81ficas%2001a59630d53145479e64a6d0e43d64e0/Ensamblar%20los%20componentes%20del%20producto%20y%20entregar%20%201cd37cd6eeee4cb6a81cda68bd377b0a.csv,3.3,Evaluar los componentes de producto ensamblados,,,,
A%CC%81reas%20de%20Proceso%2073cb7340a7e3493ba7b8c80a2ac773ba/Integracio%CC%81n%20del%20Producto%2086cd953694034d4eae9de8f0aafa84d1.csv,Metas%20Especi%CC%81ficas%2001a59630d53145479e64a6d0e43d64e0/Ensamblar%20los%20componentes%20del%20producto%20y%20entregar%20%201cd37cd6eeee4cb6a81cda68bd377b0a.csv,3.4,Empaquetar y entregar el producto o componente de producto,,,,
A%CC%81reas%20de%20Proceso%2073cb7340a7e3493ba7b8c80a2ac773ba/Medicio%CC%81n%20y%20Ana%CC%81lisis%20a20346de4ab7497d9b6418ed812c97ce.csv,Metas%20Especi%CC%81ficas%2001a59630d53145479e64a6d0e43d64e0/Alinear%20las%20actividades%20de%20medicio%CC%81n%20y%20ana%CC%81lisis%208c1184dab82a48de89f8371ea799410b.csv,1.1,Establecer los objetivos de medición,,,,
A%CC%81reas%20de%20Proceso%2073cb7340a7e3493ba7b8c80a2ac773ba/Medicio%CC%81n%20y%20Ana%CC%81lisis%20a20346de4ab7497d9b6418ed812c97ce.csv,Metas%20Especi%CC%81ficas%2001a59630d53145479e64a6d0e43d64e0/Alinear%20las%20actividades%20de%20medicio%CC%81n%20y%20ana%CC%81lisis%208c1184dab82a48de89f8371ea799410b.csv,1.2,Especificar las medidas,,,,
A%CC%81reas%20de%20Proceso%2073cb7340a7e3493ba7b8c80a2ac773ba/Medicio%CC%81n%20y%20Ana%CC%81lisis%20a20346de4ab7497d9b6418ed812c97ce.csv,Metas%20Especi%CC%81ficas%2001a59630d53145479e64a6d0e43d64e0/Alinear%20las%20actividades%20de%20medicio%CC%81n%20y%20ana%CC%81lisis%208c1184dab82a48de89f8371ea799410b.csv,1.3,Especificar los procedimientos de recogida y de almacenamiento de datos,,,,
A%CC%81reas%20de%20Proceso%2073cb7340a7e3493ba7b8c80a2ac773ba/Medicio%CC%81n%20y%20Ana%CC%81lisis%20a20346de4ab7497d9b6418ed812c97ce.csv,Metas%20Especi%CC%81ficas%2001a59630d53145479e64a6d0e43d64e0/Alinear%20las%20actividades%20de%20medicio%CC%81n%20y%20ana%CC%81lisis%208c1184dab82a48de89f8371ea799410b.csv,1.4,Especificar los procedimientos de análisis,,,,
A%CC%81reas%20de%20Proceso%2073cb7340a7e3493ba7b8c80a2ac773ba/Medicio%CC%81n%20y%20Ana%CC%81lisis%20a20346de4ab7497d9b6418ed812c97ce.csv,Metas%20Especi%CC%81ficas%2001a59630d53145479e64a6d0e43d64e0/Proporcionar%20los%20resultados%20de%20la%20medicio%CC%81n%20f4d79ee2811948f0b452c5b985700717.csv,2.1,Obtener los datos de la medición,,,,
A%CC%81reas%20de%20Proceso%2073cb7340a7e3493ba7b8c80a2ac773ba/Medicio%CC%81n%20y%20Ana%CC%81lisis%20a20346de4ab7497d9b6418ed812c97ce.csv,Metas%20Especi%CC%81ficas%2001a59630d53145479e64a6d0e43d64e0/Proporcionar%20los%20resultados%20de%20la%20medicio%CC%81n%20f4d79ee2811948f0b452c5b985700717.csv,2.2,Analizar los datos de la medición,,,,
A%CC%81reas%20de%20Proceso%2073cb7340a7e3493ba7b8c80a2ac773ba/Medicio%CC%81n%20y%20Ana%CC%81lisis%20a20346de4ab7497d9b6418ed812c97ce.csv,Metas%20Especi%CC%81ficas%2001a59630d53145479e64a6d0e43d64e0/Proporcionar%20los%20resultados%20de%20la%20medicio%CC%81n%20f4d79ee2811948f0b452c5b985700717.csv,2.3,Almacenar los datos y los resultados,,,,
A%CC%81reas%20de%20Proceso%2073cb7340a7e3493ba7b8c80a2ac773ba/Medicio%CC%81n%20y%20Ana%CC%81lisis%20a20346de4ab7497d9b6418ed812c97ce.csv,Metas%20Especi%CC%81ficas%2001a59630d53145479e64a6d0e43d64e0/Proporcionar%20los%20resultados%20de%20la%20medicio%CC%81n%20f4d79ee2811948f0b452c5b985700717.csv,2.4,Comunicar los resultados,,,,
A%CC%81reas%20de%20Proceso%2073cb7340a7e3493ba7b8c80a2ac773ba/Monitorizacio%CC%81n%20y%20Control%20del%20Proyecto%20432710662d134b619e76c5e620fdf2ea.csv,Metas%20Especi%CC%81ficas%2001a59630d53145479e64a6d0e43d64e0/Monitorizar%20el%20proyecto%20frente%20al%20plan%206835cf7d75ef405bb195ca9c5216564e.csv,1.1,Monitorizar los parámetros de planificación del proyecto,,,,
A%CC%81reas%20de%20Proceso%2073cb7340a7e3493ba7b8c80a2ac773ba/Monitorizacio%CC%81n%20y%20Control%20del%20Proyecto%20432710662d134b619e76c5e620fdf2ea.csv,Metas%20Especi%CC%81ficas%2001a59630d53145479e64a6d0e43d64e0/Monitorizar%20el%20proyecto%20frente%20al%20plan%206835cf7d75ef405bb195ca9c5216564e.csv,1.2,Monitorizar los compromisos,,,,
A%CC%81reas%20de%20Proceso%2073cb7340a7e3493ba7b8c80a2ac773ba/Monitorizacio%CC%81n%20y%20Control%20del%20Proyecto%20432710662d134b619e76c5e620fdf2ea.csv,Metas%20Especi%CC%81ficas%2001a59630d53145479e64a6d0e43d64e0/Monitorizar%20el%20proyecto%20frente%20al%20plan%206835cf7d75ef405bb195ca9c5216564e.csv,1.3,Monitorizar los riesgos del proyecto,,,,
A%CC%81reas%20de%20Proceso%2073cb7340a7e3493ba7b8c80a2ac773ba/Monitorizacio%CC%81n%20y%20Control%20del%20Proyecto%20432710662d134b619e76c5e620fdf2ea.csv,Metas%20Especi%CC%81ficas%2001a59630d53145479e64a6d0e43d64e0/Monitorizar%20el%20proyecto%20frente%20al%20plan%206835cf7d75ef405bb195ca9c5216564e.csv,1.4,Monitorizar la gestión de los datos,,,,
A%CC%81reas%20de%20Proceso%2073cb7340a7e3493ba7b8c80a2ac773ba/Monitorizacio%CC%81n%20y%20Control%20del%20Proyecto%20432710662d134b619e76c5e620fdf2ea.csv,Metas%20Especi%CC%81ficas%2001a59630d53145479e64a6d0e43d64e0/Monitorizar%20el%20proyecto%20frente%20al%20plan%206835cf7d75ef405bb195ca9c5216564e.csv,1.5,Monitorizar la involucración de las partes interesadas,,,,
A%CC%81reas%20de%20Proceso%2073cb7340a7e3493ba7b8c80a2ac773ba/Monitorizacio%CC%81n%20y%20Control%20del%20Proyecto%20432710662d134b619e76c5e620fdf2ea.csv,Metas%20Especi%CC%81ficas%2001a59630d53145479e64a6d0e43d64e0/Monitorizar%20el%20proyecto%20frente%20al%20plan%206835cf7d75ef405bb195ca9c5216564e.csv,1.6,Llevar a cabo las revisiones del progreso,,,,
A%CC%81reas%20de%20Proceso%2073cb7340a7e3493ba7b8c80a2ac773ba/Monitorizacio%CC%81n%20y%20Control%20del%20Proyecto%20432710662d134b619e76c5e620fdf2ea.csv,Metas%20Especi%CC%81ficas%2001a59630d53145479e64a6d0e43d64e0/Monitorizar%20el%20proyecto%20frente%20al%20plan%206835cf7d75ef405bb195ca9c5216564e.csv,1.7,Llevar a cabo las revisiones de hitos,,,,
A%CC%81reas%20de%20Proceso%2073cb7340a7e3493ba7b8c80a2ac773ba/Monitorizacio%CC%81n%20y%20Control%20del%20Proyecto%20432710662d134b619e76c5e620fdf2ea.csv,Metas%20Especi%CC%81ficas%2001a59630d53145479e64a6d0e43d64e0/Gestionar%20las%20acciones%20correctivas%20hasta%20su%20cierre%20ff675f8f42144074b3b55ffc5faa150f.csv,2.1,Analizar las cuestiones,,,,
A%CC%81reas%20de%20Proceso%2073cb7340a7e3493ba7b8c80a2ac773ba/Monitorizacio%CC%81n%20y%20Control%20del%20Proyecto%20432710662d134b619e76c5e620fdf2ea.csv,Metas%20Especi%CC%81ficas%2001a59630d53145479e64a6d0e43d64e0/Gestionar%20las%20acciones%20correctivas%20hasta%20su%20cierre%20ff675f8f42144074b3b55ffc5faa150f.csv,2.2,Llevar a cabo las acciones correctivas,,,,
A%CC%81reas%20de%20Proceso%2073cb7340a7e3493ba7b8c80a2ac773ba/Monitorizacio%CC%81n%20y%20Control%20del%20Proyecto%20432710662d134b619e76c5e620fdf2ea.csv,Metas%20Especi%CC%81ficas%2001a59630d53145479e64a6d0e43d64e0/Gestionar%20las%20acciones%20correctivas%20hasta%20su%20cierre%20ff675f8f42144074b3b55ffc5faa150f.csv,2.3,Gestionar las acciones correctivas,,,,
A%CC%81reas%20de%20Proceso%2073cb7340a7e3493ba7b8c80a2ac773ba/Planificacio%CC%81n%20del%20Proyecto%206dba5b9a080c4ef0a4babec2ebb5d62f.csv,Metas%20Especi%CC%81ficas%2001a59630d53145479e64a6d0e43d64e0/Establecer%20las%20estimaciones%20f1c50df223614189a0f60485b277f469.csv,1.1,Estimar el alcance del proyecto,,,,
A%CC%81reas%20de%20Proceso%2073cb7340a7e3493ba7b8c80a2ac773ba/Planificacio%CC%81n%20del%20Proyecto%206dba5b9a080c4ef0a4babec2ebb5d62f.csv,Metas%20Especi%CC%81ficas%2001a59630d53145479e64a6d0e43d64e0/Establecer%20las%20estimaciones%20f1c50df223614189a0f60485b277f469.csv,1.2,Establecer las estimaciones de los atributos de los productos de trabajo y de las tareas,,,,
A%CC%81reas%20de%20Proceso%2073cb7340a7e3493ba7b8c80a2ac773ba/Planificacio%CC%81n%20del%20Proyecto%206dba5b9a080c4ef0a4babec2ebb5d62f.csv,Metas%20Especi%CC%81ficas%2001a59630d53145479e64a6d0e43d64e0/Establecer%20las%20estimaciones%20f1c50df223614189a0f60485b277f469.csv,1.3,Definir las fases del ciclo de vida del proyecto,,,,
A%CC%81reas%20de%20Proceso%2073cb7340a7e3493ba7b8c80a2ac773ba/Planificacio%CC%81n%20del%20Proyecto%206dba5b9a080c4ef0a4babec2ebb5d62f.csv,Metas%20Especi%CC%81ficas%2001a59630d53145479e64a6d0e43d64e0/Establecer%20las%20estimaciones%20f1c50df223614189a0f60485b277f469.csv,1.4,Estimar el esfuerzo y el coste,,,,
A%CC%81reas%20de%20Proceso%2073cb7340a7e3493ba7b8c80a2ac773ba/Planificacio%CC%81n%20del%20Proyecto%206dba5b9a080c4ef0a4babec2ebb5d62f.csv,Metas%20Especi%CC%81ficas%2001a59630d53145479e64a6d0e43d64e0/Desarrollar%20un%20plan%20de%20proyecto%208879362cdf974eba8db5921b9c0ea5a2.csv,2.1,Establecer el presupuesto y el calendario,,,,
A%CC%81reas%20de%20Proceso%2073cb7340a7e3493ba7b8c80a2ac773ba/Planificacio%CC%81n%20del%20Proyecto%206dba5b9a080c4ef0a4babec2ebb5d62f.csv,Metas%20Especi%CC%81ficas%2001a59630d53145479e64a6d0e43d64e0/Desarrollar%20un%20plan%20de%20proyecto%208879362cdf974eba8db5921b9c0ea5a2.csv,2.2,Identificar los riesgos del proyecto,,,,
A%CC%81reas%20de%20Proceso%2073cb7340a7e3493ba7b8c80a2ac773ba/Planificacio%CC%81n%20del%20Proyecto%206dba5b9a080c4ef0a4babec2ebb5d62f.csv,Metas%20Especi%CC%81ficas%2001a59630d53145479e64a6d0e43d64e0/Desarrollar%20un%20plan%20de%20proyecto%208879362cdf974eba8db5921b9c0ea5a2.csv,2.3,Planificar la gestión de datos,,,,
A%CC%81reas%20de%20Proceso%2073cb7340a7e3493ba7b8c80a2ac773ba/Planificacio%CC%81n%20del%20Proyecto%206dba5b9a080c4ef0a4babec2ebb5d62f.csv,Metas%20Especi%CC%81ficas%2001a59630d53145479e64a6d0e43d64e0/Desarrollar%20un%20plan%20de%20proyecto%208879362cdf974eba8db5921b9c0ea5a2.csv,2.4,Planificar los recursos del proyecto,,,,
A%CC%81reas%20de%20Proceso%2073cb7340a7e3493ba7b8c80a2ac773ba/Planificacio%CC%81n%20del%20Proyecto%206dba5b9a080c4ef0a4babec2ebb5d62f.csv,Metas%20Especi%CC%81ficas%2001a59630d53145479e64a6d0e43d64e0/Desarrollar%20un%20plan%20de%20proyecto%208879362cdf974eba8db5921b9c0ea5a2.csv,2.5,Planificar el conocimiento y las habilidades necesarias,,,,
A%CC%81reas%20de%20Proceso%2073cb7340a7e3493ba7b8c80a2ac773ba/Planificacio%CC%81n%20del%20Proyecto%206dba5b9a080c4ef0a4babec2ebb5d62f.csv,Metas%20Especi%CC%81ficas%2001a59630d53145479e64a6d0e43d64e0/Desarrollar%20un%20plan%20de%20proyecto%208879362cdf974eba8db5921b9c0ea5a2.csv,2.6,Planinficar la involucración de las partes interesadas,,,,
A%CC%81reas%20de%20Proceso%2073cb7340a7e3493ba7b8c80a2ac773ba/Planificacio%CC%81n%20del%20Proyecto%206dba5b9a080c4ef0a4babec2ebb5d62f.csv,Metas%20Especi%CC%81ficas%2001a59630d53145479e64a6d0e43d64e0/Desarrollar%20un%20plan%20de%20proyecto%208879362cdf974eba8db5921b9c0ea5a2.csv,2.7,Establecer el plan de proyecto,,,,
A%CC%81reas%20de%20Proceso%2073cb7340a7e3493ba7b8c80a2ac773ba/Planificacio%CC%81n%20del%20Proyecto%206dba5b9a080c4ef0a4babec2ebb5d62f.csv,Metas%20Especi%CC%81ficas%2001a59630d53145479e64a6d0e43d64e0/Obtener%20el%20compromiso%20con%20el%20plan%20c5c0bcdb778f4d2b98dab5ce163fa0da.csv,3.1,Revisar los planes que afecten al proyecto,,,,
A%CC%81reas%20de%20Proceso%2073cb7340a7e3493ba7b8c80a2ac773ba/Planificacio%CC%81n%20del%20Proyecto%206dba5b9a080c4ef0a4babec2ebb5d62f.csv,Metas%20Especi%CC%81ficas%2001a59630d53145479e64a6d0e43d64e0/Obtener%20el%20compromiso%20con%20el%20plan%20c5c0bcdb778f4d2b98dab5ce163fa0da.csv,3.2,Conciliar los niveles de trabajo y de recursos,,,,
A%CC%81reas%20de%20Proceso%2073cb7340a7e3493ba7b8c80a2ac773ba/Planificacio%CC%81n%20del%20Proyecto%206dba5b9a080c4ef0a4babec2ebb5d62f.csv,Metas%20Especi%CC%81ficas%2001a59630d53145479e64a6d0e43d64e0/Obtener%20el%20compromiso%20con%20el%20plan%20c5c0bcdb778f4d2b98dab5ce163fa0da.csv,3.3,Obtener el compromiso con el plan,,,,
A%CC%81reas%20de%20Proceso%2073cb7340a7e3493ba7b8c80a2ac773ba/Rendimiento%20de%20Procesos%20de%20la%20Organizacio%CC%81n%20420c4870d73849e4b1025dedda4fc60a.csv,Metas%20Especi%CC%81ficas%2001a59630d53145479e64a6d0e43d64e0/Establecer%20las%20li%CC%81neas%20base%20y%20los%20modelos%20de%20rendi%20a096fba5561c440ea86db16c3c0acd5c.csv,1.1,Establecer los objetivos de calidad y rendimiento de proceso,,,,
A%CC%81reas%20de%20Proceso%2073cb7340a7e3493ba7b8c80a2ac773ba/Rendimiento%20de%20Procesos%20de%20la%20Organizacio%CC%81n%20420c4870d73849e4b1025dedda4fc60a.csv,Metas%20Especi%CC%81ficas%2001a59630d53145479e64a6d0e43d64e0/Establecer%20las%20li%CC%81neas%20base%20y%20los%20modelos%20de%20rendi%20a096fba5561c440ea86db16c3c0acd5c.csv,1.2,Seleccionar los procesos,,,,
A%CC%81reas%20de%20Proceso%2073cb7340a7e3493ba7b8c80a2ac773ba/Rendimiento%20de%20Procesos%20de%20la%20Organizacio%CC%81n%20420c4870d73849e4b1025dedda4fc60a.csv,Metas%20Especi%CC%81ficas%2001a59630d53145479e64a6d0e43d64e0/Establecer%20las%20li%CC%81neas%20base%20y%20los%20modelos%20de%20rendi%20a096fba5561c440ea86db16c3c0acd5c.csv,1.3,Establecer las medidas de rendimiento de proceso,,,,
A%CC%81reas%20de%20Proceso%2073cb7340a7e3493ba7b8c80a2ac773ba/Rendimiento%20de%20Procesos%20de%20la%20Organizacio%CC%81n%20420c4870d73849e4b1025dedda4fc60a.csv,Metas%20Especi%CC%81ficas%2001a59630d53145479e64a6d0e43d64e0/Establecer%20las%20li%CC%81neas%20base%20y%20los%20modelos%20de%20rendi%20a096fba5561c440ea86db16c3c0acd5c.csv,1.4,Analizar el rendimiento de proceso y establecer las líneas base de rendimiento de proceso,,,,
A%CC%81reas%20de%20Proceso%2073cb7340a7e3493ba7b8c80a2ac773ba/Rendimiento%20de%20Procesos%20de%20la%20Organizacio%CC%81n%20420c4870d73849e4b1025dedda4fc60a.csv,Metas%20Especi%CC%81ficas%2001a59630d53145479e64a6d0e43d64e0/Establecer%20las%20li%CC%81neas%20base%20y%20los%20modelos%20de%20rendi%20a096fba5561c440ea86db16c3c0acd5c.csv,1.5,Establecer los modelos de rendimiento de proceso,,,,
A%CC%81reas%20de%20Proceso%2073cb7340a7e3493ba7b8c80a2ac773ba/Solucio%CC%81n%20Te%CC%81cnica%201d4c1df599364dbba61ba4e9e297d453.csv,Metas%20Especi%CC%81ficas%2001a59630d53145479e64a6d0e43d64e0/Seleccionar%20soluciones%20de%20componentes%20de%20producto%2070b63ec8c70e466591d1bdfbc5561336.csv,1.1,Desarrollar soluciones alternativas y los criterios de selección,,,,
A%CC%81reas%20de%20Proceso%2073cb7340a7e3493ba7b8c80a2ac773ba/Solucio%CC%81n%20Te%CC%81cnica%201d4c1df599364dbba61ba4e9e297d453.csv,Metas%20Especi%CC%81ficas%2001a59630d53145479e64a6d0e43d64e0/Seleccionar%20soluciones%20de%20componentes%20de%20producto%2070b63ec8c70e466591d1bdfbc5561336.csv,1.2,Seleccionar las soluciones de componentes de producto,,,,
A%CC%81reas%20de%20Proceso%2073cb7340a7e3493ba7b8c80a2ac773ba/Solucio%CC%81n%20Te%CC%81cnica%201d4c1df599364dbba61ba4e9e297d453.csv,Metas%20Especi%CC%81ficas%2001a59630d53145479e64a6d0e43d64e0/Desarrollar%20el%20disen%CC%83o%20da7e50b6d3fb48c297d0dbd11356674c.csv,2.1,Diseñar el producto o los componentes de producto,,,,
A%CC%81reas%20de%20Proceso%2073cb7340a7e3493ba7b8c80a2ac773ba/Solucio%CC%81n%20Te%CC%81cnica%201d4c1df599364dbba61ba4e9e297d453.csv,Metas%20Especi%CC%81ficas%2001a59630d53145479e64a6d0e43d64e0/Desarrollar%20el%20disen%CC%83o%20da7e50b6d3fb48c297d0dbd11356674c.csv,2.2,Establecer un paquete de datos técnicos,,,,
A%CC%81reas%20de%20Proceso%2073cb7340a7e3493ba7b8c80a2ac773ba/Solucio%CC%81n%20Te%CC%81cnica%201d4c1df599364dbba61ba4e9e297d453.csv,Metas%20Especi%CC%81ficas%2001a59630d53145479e64a6d0e43d64e0/Desarrollar%20el%20disen%CC%83o%20da7e50b6d3fb48c297d0dbd11356674c.csv,2.3,Diseñar las interfaces usando criterios,,,,
A%CC%81reas%20de%20Proceso%2073cb7340a7e3493ba7b8c80a2ac773ba/Solucio%CC%81n%20Te%CC%81cnica%201d4c1df599364dbba61ba4e9e297d453.csv,Metas%20Especi%CC%81ficas%2001a59630d53145479e64a6d0e43d64e0/Desarrollar%20el%20disen%CC%83o%20da7e50b6d3fb48c297d0dbd11356674c.csv,2.4,"Realizar los análisis sobre si hacer, comprar o reutilizar",,,,
A%CC%81reas%20de%20Proceso%2073cb7340a7e3493ba7b8c80a2ac773ba/Solucio%CC%81n%20Te%CC%81cnica%201d4c1df599364dbba61ba4e9e297d453.csv,Metas%20Especi%CC%81ficas%2001a59630d53145479e64a6d0e43d64e0/Implementar%20el%20disen%CC%83o%20del%20producto%20fc3c3f4349b8450fadf4a4908f8a1806.csv,3.1,Implementar el diseño,,,,
A%CC%81reas%20de%20Proceso%2073cb7340a7e3493ba7b8c80a2ac773ba/Solucio%CC%81n%20Te%CC%81cnica%201d4c1df599364dbba61ba4e9e297d453.csv,Metas%20Especi%CC%81ficas%2001a59630d53145479e64a6d0e43d64e0/Implementar%20el%20disen%CC%83o%20del%20producto%20fc3c3f4349b8450fadf4a4908f8a1806.csv,3.2,Desarrollar la documentación de soporte del producto,,,,
A%CC%81reas%20de%20Proceso%2073cb7340a7e3493ba7b8c80a2ac773ba/Validacio%CC%81n%207324084657ba466ebf6029b99fec09ef.csv,Metas%20Especi%CC%81ficas%2001a59630d53145479e64a6d0e43d64e0/Preparar%20la%20validacio%CC%81n%20172281aad7674e5caa1e47d9a320927c.csv,1.1,Seleccionar los productos para la validación,,,,
A%CC%81reas%20de%20Proceso%2073cb7340a7e3493ba7b8c80a2ac773ba/Validacio%CC%81n%207324084657ba466ebf6029b99fec09ef.csv,Metas%20Especi%CC%81ficas%2001a59630d53145479e64a6d0e43d64e0/Preparar%20la%20validacio%CC%81n%20172281aad7674e5caa1e47d9a320927c.csv,1.2,Establecer el entorno de validación,,,,
A%CC%81reas%20de%20Proceso%2073cb7340a7e3493ba7b8c80a2ac773ba/Validacio%CC%81n%207324084657ba466ebf6029b99fec09ef.csv,Metas%20Especi%CC%81ficas%2001a59630d53145479e64a6d0e43d64e0/Preparar%20la%20validacio%CC%81n%20172281aad7674e5caa1e47d9a320927c.csv,1.3,Establecer los procedimientos y los criterios de validación,,,,
A%CC%81reas%20de%20Proceso%2073cb7340a7e3493ba7b8c80a2ac773ba/Validacio%CC%81n%207324084657ba466ebf6029b99fec09ef.csv,Metas%20Especi%CC%81ficas%2001a59630d53145479e64a6d0e43d64e0/Validar%20el%20producto%20o%20los%20componentes%20del%20producto%204589f26b647e472aae7c494e2b9c88af.csv,2.1,Realizar la validación,,,,
A%CC%81reas%20de%20Proceso%2073cb7340a7e3493ba7b8c80a2ac773ba/Validacio%CC%81n%207324084657ba466ebf6029b99fec09ef.csv,Metas%20Especi%CC%81ficas%2001a59630d53145479e64a6d0e43d64e0/Validar%20el%20producto%20o%20los%20componentes%20del%20producto%204589f26b647e472aae7c494e2b9c88af.csv,2.2,Analizar los resultados de la validación,,,,
A%CC%81reas%20de%20Proceso%2073cb7340a7e3493ba7b8c80a2ac773ba/Verificacio%CC%81n%203fdad80d98f94ba1aad596ff9b90cb19.csv,Metas%20Especi%CC%81ficas%2001a59630d53145479e64a6d0e43d64e0/Preparar%20la%20verificacio%CC%81n%20e13a35996559439287590ac09444691b.csv,1.1,Seleccionar los productos de trabajo para la verificación,,,,
A%CC%81reas%20de%20Proceso%2073cb7340a7e3493ba7b8c80a2ac773ba/Verificacio%CC%81n%203fdad80d98f94ba1aad596ff9b90cb19.csv,Metas%20Especi%CC%81ficas%2001a59630d53145479e64a6d0e43d64e0/Preparar%20la%20verificacio%CC%81n%20e13a35996559439287590ac09444691b.csv,1.2,Establecer el entorno de verificación,,,,
A%CC%81reas%20de%20Proceso%2073cb7340a7e3493ba7b8c80a2ac773ba/Verificacio%CC%81n%203fdad80d98f94ba1aad596ff9b90cb19.csv,Metas%20Especi%CC%81ficas%2001a59630d53145479e64a6d0e43d64e0/Preparar%20la%20verificacio%CC%81n%20e13a35996559439287590ac09444691b.csv,1.3,Establecer los procedimientos y criterios de verificación,,,,
A%CC%81reas%20de%20Proceso%2073cb7340a7e3493ba7b8c80a2ac773ba/Verificacio%CC%81n%203fdad80d98f94ba1aad596ff9b90cb19.csv,Metas%20Especi%CC%81ficas%2001a59630d53145479e64a6d0e43d64e0/Realizar%20las%20revisiones%20entre%20pares%2000bf2499df6d482da1c9fdbd6dfaa969.csv,2.1,Preparar las revisiones entre pares,,,,
A%CC%81reas%20de%20Proceso%2073cb7340a7e3493ba7b8c80a2ac773ba/Verificacio%CC%81n%203fdad80d98f94ba1aad596ff9b90cb19.csv,Metas%20Especi%CC%81ficas%2001a59630d53145479e64a6d0e43d64e0/Realizar%20las%20revisiones%20entre%20pares%2000bf2499df6d482da1c9fdbd6dfaa969.csv,2.2,Realizar las revisiones entre pares,,,,
A%CC%81reas%20de%20Proceso%2073cb7340a7e3493ba7b8c80a2ac773ba/Verificacio%CC%81n%203fdad80d98f94ba1aad596ff9b90cb19.csv,Metas%20Especi%CC%81ficas%2001a59630d53145479e64a6d0e43d64e0/Realizar%20las%20revisiones%20entre%20pares%2000bf2499df6d482da1c9fdbd6dfaa969.csv,2.3,Analizar los datos de las revisiones entre pares,,,,
A%CC%81reas%20de%20Proceso%2073cb7340a7e3493ba7b8c80a2ac773ba/Verificacio%CC%81n%203fdad80d98f94ba1aad596ff9b90cb19.csv,Metas%20Especi%CC%81ficas%2001a59630d53145479e64a6d0e43d64e0/Verificar%20los%20productos%20de%20trabajo%20seleccionados%2066b881171c6c4a6395f3674c6bca08e0.csv,3.1,Realizar la verificación,,,,
A%CC%81reas%20de%20Proceso%2073cb7340a7e3493ba7b8c80a2ac773ba/Verificacio%CC%81n%203fdad80d98f94ba1aad596ff9b90cb19.csv,Metas%20Especi%CC%81ficas%2001a59630d53145479e64a6d0e43d64e0/Verificar%20los%20productos%20de%20trabajo%20seleccionados%2066b881171c6c4a6395f3674c6bca08e0.csv,3.2,Analizar los resultados de la verificación,,,,